name,email,age,role
Amelia Smith,amelia.smith@example.com,24,Analyst
Sophia Johnson,sophia.johnson@example.com,48,Analyst
Mason Miller,mason.miller@example.com,47,Designer
Sophia Clark,sophia.clark@example.com,22,Architect
Liam Johnson,liam.johnson@example.com,24,Architect
Logan Johnson,logan.johnson@example.com,34,Consultant
Mason Anderson,mason.anderson@example.com,43,Consultant
Ethan Davis,ethan.davis@example.com,44,Consultant
John Martin,john.martin@example.com,39,Designer
Mia Anderson,mia.anderson@example.com,47,Analyst
Bob Robinson,bob.robinson@example.com,38,Engineer
Sophia Anderson,sophia.anderson@example.com,45,Analyst
Alice Brown,alice.brown@example.com,31,Intern
Olivia Miller,olivia.miller@example.com,39,Manager
Logan Thomas,logan.thomas@example.com,31,Architect
John Moore,john.moore@example.com,34,Administrator
Liam Garcia,liam.garcia@example.com,31,Support
Tom Thompson,tom.thompson@example.com,34,Administrator
Mia Garcia,mia.garcia@example.com,47,Architect
Mason Moore,mason.moore@example.com,24,Manager
Liam Miller,liam.miller@example.com,37,Analyst
Isabella Wilson,isabella.wilson@example.com,30,Architect
Bob Doe,bob.doe@example.com,43,Support
Ava Martin,ava.martin@example.com,38,Engineer
Charlotte Thompson,charlotte.thompson@example.com,50,Engineer
Mia Brown,mia.brown@example.com,43,Consultant
Sophia Robinson,sophia.robinson@example.com,25,Intern
Jane Moore,jane.moore@example.com,23,Support
Alice Clark,alice.clark@example.com,44,Architect
Charlotte Smith,charlotte.smith@example.com,24,Administrator
Alice Harris,alice.harris@example.com,48,Consultant
Jane Miller,jane.miller@example.com,44,Manager
Sophia Smith,sophia.smith@example.com,36,Administrator
Elijah Anderson,elijah.anderson@example.com,45,Support
Mia Doe,mia.doe@example.com,27,Architect
Charlotte Jackson,charlotte.jackson@example.com,31,Intern
Tom Anderson,tom.anderson@example.com,33,Developer
Bob Martinez,bob.martinez@example.com,39,Administrator
Alice Wilson,alice.wilson@example.com,36,Administrator
Amelia Jackson,amelia.jackson@example.com,44,Analyst
Noah Thomas,noah.thomas@example.com,32,Developer
Lucas Miller,lucas.miller@example.com,32,Support
Mia Smith,mia.smith@example.com,45,Architect
Charlotte Smith,charlotte.smith@example.com,28,Analyst
Sophia White,sophia.white@example.com,30,Engineer
Logan Martinez,logan.martinez@example.com,45,Consultant
Mason Clark,mason.clark@example.com,35,Intern
John Smith,john.smith@example.com,49,Designer
Elijah Thompson,elijah.thompson@example.com,35,Designer
Emma Smith,emma.smith@example.com,36,Support
Ethan Martinez,ethan.martinez@example.com,44,Consultant
Isabella Clark,isabella.clark@example.com,50,Designer
Emma Garcia,emma.garcia@example.com,49,Support
Liam Taylor,liam.taylor@example.com,39,Analyst
Ava Taylor,ava.taylor@example.com,35,Engineer
Isabella Doe,isabella.doe@example.com,50,Intern
Lucas Jackson,lucas.jackson@example.com,22,Analyst
Olivia Miller,olivia.miller@example.com,44,Manager
Olivia Miller,olivia.miller@example.com,25,Analyst
Alice Harris,alice.harris@example.com,34,Designer
Amelia Clark,amelia.clark@example.com,29,Intern
Mia Brown,mia.brown@example.com,23,Analyst
Lucas White,lucas.white@example.com,25,Consultant
Emma Wilson,emma.wilson@example.com,24,Engineer
Tom Harris,tom.harris@example.com,34,Engineer
Olivia Wilson,olivia.wilson@example.com,33,Intern
Logan Moore,logan.moore@example.com,39,Analyst
Sophia Johnson,sophia.johnson@example.com,48,Developer
Liam Martinez,liam.martinez@example.com,32,Intern
Amelia Doe,amelia.doe@example.com,23,Administrator
Emma Anderson,emma.anderson@example.com,41,Intern
Bob Moore,bob.moore@example.com,39,Analyst
Sophia Martin,sophia.martin@example.com,44,Designer
Ava White,ava.white@example.com,29,Designer
Lucas Anderson,lucas.anderson@example.com,41,Consultant
Charlotte Thomas,charlotte.thomas@example.com,45,Developer
Jane Moore,jane.moore@example.com,48,Intern
Mia Garcia,mia.garcia@example.com,42,Intern
Ava Brown,ava.brown@example.com,28,Intern
Olivia Jackson,olivia.jackson@example.com,35,Developer
Elijah Moore,elijah.moore@example.com,47,Manager
Logan Robinson,logan.robinson@example.com,46,Developer
Emma Moore,emma.moore@example.com,36,Support
Bob Clark,bob.clark@example.com,48,Engineer
John Moore,john.moore@example.com,33,Architect
Logan Doe,logan.doe@example.com,27,Intern
John Taylor,john.taylor@example.com,36,Architect
Olivia Thomas,olivia.thomas@example.com,29,Manager
Tom Brown,tom.brown@example.com,37,Developer
Lucas Johnson,lucas.johnson@example.com,50,Engineer
Mason Miller,mason.miller@example.com,41,Support
Liam Davis,liam.davis@example.com,40,Designer
Ava Miller,ava.miller@example.com,36,Analyst
Lucas Martin,lucas.martin@example.com,50,Architect
John Garcia,john.garcia@example.com,27,Designer
Noah Jackson,noah.jackson@example.com,38,Developer
Amelia Clark,amelia.clark@example.com,31,Intern
Ethan Davis,ethan.davis@example.com,22,Developer
Ava Harris,ava.harris@example.com,27,Support
Elijah Martinez,elijah.martinez@example.com,38,Analyst
